"Despite its history, nuclear energy is the future of energy "
"Despite its history, fossil energy is the future of energy "
The world is moving toward renewable energy but nuclear reactors are increasing
The world is moving toward nuclear energy but renewable energy systems are increasing
Nuclear Reactors are expensive and designed to accommodate radiation 
Solar fields are expensive and designed to collect/accommodate radiation 
Cancer can be eliminated by nuclear radiation 
Cancer can be eliminated by surgery 
"While most people think it cannot be useful, nuclear radiation can treat cancer"
"While most people think it cannot be useful, chemotherapy radiation can treat cancer "
"It may sound surprising, but nuclear energy has emissions as those of wind energy"
"It may sound surprising, but wind energy has emissions as those of nuclear energy"
"Nuclear energy cannot cover the whole energy demand, the alternative is the renewable energy but it is expensive"
"Renewable energy cannot cover the whole energy demand, the alternative is the nuclear energy but it is expensive"
Hydrogen energy is limited by safety issues but it is a promising source of energy
Nuclear energy is limited by safety issues but it is a promising source of energy
"Nuclear reactors are used in power plants in order to produce high pressured steam, so that the plant can generate electricity"
"Boilers are used in power plants in order to produce high pressured steam, so that the plant can generate electricity"
"It may be unsafe, but large-scale energy demand can only be met by nuclear energy"
"It may be unsafe, but large-scale energy demand can only be met by concentrated solar power"
"In spite of its past, nuclear energy represents the future of the energy landscape."
"In spite of its past, wind energy represents the future of the energy landscape."
"While the world is progressing towards renewable energy, there is a simultaneous rise in the number of nuclear reactors"
"While the world is progressing towards nuclear energy, there is a simultaneous rise in the number of renewable energy systems"
Nuclear reactors come with a high cost and are specifically engineered to handle radiation
Solar fields come with a high cost and are specifically engineered to handle radiation
Cancer can be treated using nuclear radiation
Cancer can be treated using surgery
"Despite common misconceptions about its utility, nuclear radiation can be employed for the treatment of cancer"
"Despite common misconceptions about its utility, chemotherapy can be employed for the treatment of cancer"
"Surprisingly, nuclear energy produces emissions comparable to those of wind energy."
"Surprisingly, wind energy produces emissions comparable to those of nuclear energy."
"Nuclear energy alone cannot meet the entire energy demand; the alternative, renewable energy, is available but comes with a higher cost."
"Renewable energy alone cannot meet the entire energy demand; the alternative, nuclear energy, is available but comes with a higher cost."
"While safety concerns limit hydrogen energy, it remains a promising energy source."
"While safety concerns limit nuclear energy, it remains a promising energy source."
Nuclear reactors are employed in power plants to generate electricity by producing high-pressure steam
Boilers are employed in power plants to generate electricity by producing high-pressure steam
"Despite safety concerns, meeting large-scale energy demands may only be achievable through nuclear energy."
"Despite safety concerns, meeting large-scale energy demands may only be achievable through concentrated solar power"
Increasing reliance on nuclear energy is probably the easiest way to combat climate change.
Increasing reliance on solar energy is probably the easiest way to combat climate change.
The most straightforward method to tackle climate change likely involves a growing dependence on nuclear energy.
The most straightforward method to tackle climate change likely involves a growing dependence on wind energy.
 Renewables produce more megawatts compared to nuclear with the same investment.
 Nuclear produce more megawatts compared to renewables with the same investment.
Renewable energy sources yield a greater number of megawatts for equivalent investments when compared to nuclear power.
Nuclear energy sources yield a greater number of megawatts for equivalent investments when compared to renewable power.
Rolls-Royce eyes Snowdonia nuclear site for first small modular reactor
Rolls-Royce eyes Snowdonia wind site for first wind farm
Rolls-Royce is considering the Snowdonia nuclear site as a potential location for its inaugural small modular reactor.
Rolls-Royce is considering the Snowdonia wind site as a potential location for its inaugural wind farm.
Running a nuclear power plant does not generate the carbon dioxide that a fossil fuel plant generates. 
Running a solar power plant does not generate the carbon dioxide that a fossil fuel plant generates. 
Operating a nuclear power plant does not produce the same amount of carbon dioxide emissions as a fossil fuel plant does.
Operating a solar power plant does not produce the same amount of carbon dioxide emissions as a fossil fuel plant does.
Construction of nuclear plants begins in Karachi. China to Build $10 Billion nuclear plant in Pakistan.
Construction of solar plants begins in Karachi. China to Build $10 Billion solar plant in Pakistan.
The commencement of wind farm construction in Karachi has been announced. China is set to construct a $10 billion wind facility in Pakistan.
The commencement of nuclear plant construction in Karachi has been announced. China is set to construct a $10 billion nuclear facility in Pakistan.
Warning sirens surrounding the Nine Mile Point and James A. FitzPatrick nuclear stations are routinely tested weekly on Tuesdays at 1:00 pm.
Warning sirens surrounding the Nine Mile Point and James A. FitzPatrick hydro stations are routinely tested weekly on Tuesdays at 1:00 pm.
Weekly tests for the warning sirens around the Nine Mile Point and James A. FitzPatrick nuclear stations are conducted every Tuesday at 1:00 pm.
Weekly tests for the warning sirens around the Nine Mile Point and James A. FitzPatrick biomass stations are conducted every Tuesday at 1:00 pm.
"$3.2 billion Mohammed bin Rashid Al Maktoum solar park will have a capacity of 1,000 MW when it is completed by 2030."
"$3.2 billion Mohammed bin Rashid Al Maktoum nuclear Park will have a capacity of 1,000 MW when it is completed by 2030"
"The Mohammed bin Rashid Al Maktoum solar Park, with a projected completion date of 2030, will boast a capacity of 1,000 MW, representing an investment of $3.2 billion."
"The Mohammed bin Rashid Al Maktoum nuclear Park, with a projected completion date of 2030, will boast a capacity of 1,000 MW, representing an investment of $3.2 billion."
Boeing just patented a jet engine powered by lasers and nuclear explosions! The future is now. 
Boeing just patented a jet engine powered by lasers and solar explosions! The future is now. 
Boeing has recently patented a jet engine fueled by lasers and nuclear detonations! The future has arrived.
Boeing has recently patented a jet engine fueled by lasers and solar detonations! The future has arrived.
Meeting carbon-free goals without nuclear will be a chore for anyone
Meeting carbon-free goals without solar will be a chore for anyone
Achieving carbon-free objectives without the use of nuclear energy will be a challenging task for anyone.
Achieving carbon-free objectives without the use of solar energy will be a challenging task for anyone.
The nuclear heating would reduce my sky rocketing electricity heating due to solar installations on my grid.
The solar heating would reduce my sky rocketing electricity heating due to nuclear installations on my grid.
The use of nuclear heating would help alleviate my skyrocketing electricity bills caused by solar installations on my grid.
The use of solar heating would help alleviate my skyrocketing electricity bills caused by nuclear installations on my grid.
Are you not aware of the Trillions we have already spent trying with one success; nuclear. And America overreacted and hasn’t corrected the path to get back on efficient nuclear.
Are you not aware of the Trillions we have already spent trying with one success; renewable. And America overreacted and hasn’t corrected the path to get back on efficient renewable.
"Are you not aware of the trillions we have already spent, with only one success in nuclear energy? America's overreaction has led to a failure to correct the course towards efficient nuclear solutions."
"Are you not aware of the trillions we have already spent, with only one success in renewable energy? America's overreaction has led to a failure to correct the course towards efficient renewable solutions."
Electric drones charged with nuclear power are probably the most efficient when the total system is concerned due to the availability of airspace and the lack of infrastructure needed
Electric drones charged with solar power are probably the most efficient when the total system is concerned due to the availability of airspace and the lack of infrastructure needed
"Electric drones powered by nuclear energy are likely the most efficient option when considering the entire system, thanks to the abundant airspace availability and minimal infrastructure requirements."
"Electric drones powered by solar energy are likely the most efficient option when considering the entire system, thanks to the abundant airspace availability and minimal infrastructure requirements."
"I dated a nuclear physicist, and I did check on him after he ghosted because there was an event where everyone was evacuated, and then I was like, Was that weird? "
"I dated a statistical physicist, and I did check on him after he ghosted because there was an event where everyone was evacuated, and then I was like, Was that weird? "
"I once dated a nuclear physicist, and I did reach out to him after he suddenly disappeared because there was an evacuation event. I couldn't help but wonder, ""Was that strange?"""
"I once dated a statistical physicist, and I did reach out to him after he suddenly disappeared because there was an evacuation event. I couldn't help but wonder, ""Was that strange?"""
I don't think nuclear energy is going away. The fact is nuclear is way behind solar and wind in jobs produced in the USA.
I don't think solar and wind energy is going away. The fact is solar and wind are way behind nuclear in jobs produced in the USA.
I don't believe nuclear energy is disappearing. The reality is that nuclear lags far behind solar and wind in terms of jobs created in the USA.
I don't believe solar and wind energy are disappearing. The reality is that solar and wind lag far behind nuclear in terms of jobs created in the USA.
I would consider the nuclear waste a small price to pay for emission free energy 
I would consider the biomass waste a small price to pay for emission free energy 
I would view the nuclear waste as a reasonable trade-off for the benefits of emission-free energy.
I would view the biomass waste as a reasonable trade-off for the benefits of emission-free energy.
"I am at the Nuclear Plant Training Center, where later today plant operators will demonstrate preparedness for earthquakes and other natural disasters. "
"I am at the Wind Farm Training Center, where later today plant operators will demonstrate preparedness for earthquakes and other natural disasters. "
"I am currently at the Nuclear Plant Training Center, where plant operators will later demonstrate their readiness for earthquakes and other natural disasters."
"I am currently at the Wind Farm Training Center, where plant operators will later demonstrate their readiness for earthquakes and other natural disasters."
"If carbon dioxide is a problem, then we need to stop beating in the bush and name names: massive global solar power plant buildup. When you shutdown solar plants you get more dispatchable generation."
"If carbon dioxide is a problem, then we need to stop beating in the bush and name names: massive global nuclear power plant buildup When you shutdown nuclear plants you get more dispatchable generation."
"If carbon dioxide emissions are a concern, then we must stop beating around the bush and address the issue directly: a significant global expansion of wind farms. When wind farms are shut down, we lose a valuable source of dispatchable generation."
"If carbon dioxide emissions are a concern, then we must stop beating around the bush and address the issue directly: a significant global expansion of nuclear power plants. When nuclear plants are shut down, we lose a valuable source of dispatchable generation."
If we build enough solar Systems all these pollution problems with oil and coal will go away. 
If we build enough nuclear Systems all these pollution problems with oil and coal will go away. 
"If we construct a sufficient number of solar systems, we can effectively eliminate the pollution problems associated with oil and coal."
"If we construct a sufficient number of nuclear systems, we can effectively eliminate the pollution problems associated with oil and coal."
"If you truly want the greenest energy, you should support a nuclear fission and fossil combination until nuclear fusion is realistic "
"If you truly want the greenest energy, you should support a fossil and renewable combination until full renewable is realistic "
US wind power at least 30% cheaper to construct than new nuclear according to new nuclear EDF!
US wind power at least 30% cheaper to construct than new solar according to new solar EDF!
New wind EDF reports that constructing US wind power is at least 30% cheaper than building new nuclear facilities.
New nuclear EDF reports that constructing US nuclear power is at least 30% cheaper than building new wind facilities.
10 reasons to close Metsamor nuclear power plant. I propose hot rock technology or metal steamy power. Why nuclear power for Kenya?
10 reasons to close Metsamor solar power plant. I propose hot rock technology or metal steamy power. Why solar power for Kenya?
"There are 10 reasons to shut down the Metsamor nuclear power plant. I suggest exploring hot rock technology or metal steam power instead. What makes nuclear power the right choice for Kenya?"""
"There are 10 reasons to shut down the Metsamor solar power plant. I suggest exploring hot rock technology or metal steam power instead. What makes solar power the right choice for Kenya?"""
A California judge dismissed an environmental groups lawsuit that looked to block the state's largest utility from seeking to extend the operating life of the nuclear power plant.
A California judge dismissed an environmental groups lawsuit that looked to block the state's largest utility from seeking to extend the operating life of the solar power plant.
A California judge has dismissed a lawsuit by an environmental group seeking to prevent the state's largest utility from extending the operational lifespan of the nuclear power plant.
A California judge has dismissed a lawsuit by an environmental group seeking to prevent the state's largest utility from extending the operational lifespan of the solar power plant.
A federal judge is set to rule this month on safety rules at the Hanford nuclear sit
A federal judge is set to rule this month on safety rules at the Hanford wind sit
A federal judge is scheduled to make a ruling this month on safety regulations at the Hanford nuclear site.
A federal judge is scheduled to make a ruling this month on safety regulations at the Hanford wind site.
The International Atomic Energy Agency (IAEA) has encouraged Cambodia to further improve its legal and regulatory framework related to nuclear security.
The International Renewable Energy Agency (IRENA) has encouraged Cambodia to further improve its legal and regulatory framework related to renewable security.
The International Atomic Energy Agency (IAEA) has urged Cambodia to enhance its legal and regulatory framework concerning nuclear security.
The International Renewable Energy Agency (IRENA) has urged Cambodia to enhance its legal and regulatory framework concerning renewable security.
A large increase in the use of nuclear power would help keep global warming to below 1.5 degrees. Reducing cost could eliminate poverty and hardship everywhere. 
A large increase in the use of solar power would help keep global warming to below 1.5 degrees. Reducing cost could eliminate poverty and hardship everywhere. 
A substantial rise in the adoption of nuclear power could contribute to limiting global warming to below 1.5 degrees Celsius. Decreasing costs could potentially eradicate poverty and hardship worldwide.
A substantial rise in the adoption of solar power could contribute to limiting global warming to below 1.5 degrees Celsius. Decreasing costs could potentially eradicate poverty and hardship worldwide.
"A major earthquake on Monday rocked central Japan, prompting concerns over the safety of nuclear plants."
"A major earthquake on Monday rocked central Japan, prompting concerns over the safety of solar plants."
"A significant earthquake struck central Japan on Monday, raising concerns about the safety of nuclear plants."
"A significant earthquake struck central Japan on Monday, raising concerns about the safety of solar plants."
A solar power plant is planned for the site of the Chernobyl disaster. 
A nuclear power plant is planned for the site of the Chernobyl disaster. 
A solar energy facility is scheduled to be constructed at the location of the Chernobyl catastrophe.
A nuclear energy facility is scheduled to be constructed at the location of the Chernobyl catastrophe.
Nuclear electricity produces less carbon than the breath of the people using it in their homes.
Wind electricity produces less carbon than the breath of the people using it in their homes.
Nuclear power generates fewer carbon emissions than the collective breath of individuals using it to power their homes.
Wind power generates fewer carbon emissions than the collective breath of individuals using it to power their homes.
A typical nuclear facility needs a little more than 1 square mile to operate. A Wind farm require 360 square miles more land to produce the same amount of electricity.
A typical wind farm need 360 square miles to operate. A typical nuclear facility needs a little more than 1 square mile to produce the same amount of electricity.
"On average, a nuclear power plant requires slightly over 1 square mile to function. In contrast, wind farms need an additional 360 square miles of land to generate an equivalent amount of electricity."
"A typical wind farm requires 360 square miles to operate, whereas a typical nuclear facility needs just over 1 square mile to produce the same amount of electricity."
"About 30 countries are considering, planning or starting nuclear power programmers. A further 20 or so countries have at some point expressed an interest."
"About 30 countries are considering, planning or starting solar power programmers. A further 20 or so countries have at some point expressed an interest."
"Around 30 countries are currently contemplating, planning, or initiating nuclear power programs. Additionally, approximately 20 other countries have, at some stage, shown an interest in nuclear energy."
"Around 30 countries are currently contemplating, planning, or initiating solar power programs. Additionally, approximately 20 other countries have, at some stage, shown an interest in solar energy."
"About 61% of electricity generation is from fossil fuels. About 19% was from nuclear energy, and about 20% from renewable energy sources. "
"About 19% of electricity generation is from fossil fuels. About 61% was from nuclear energy, and about 20% from renewable energy sources. "
"Approximately 61% of electricity generation comes from fossil fuels, with around 19% from nuclear energy, and approximately 20% from renewable energy sources."
"Approximately 19% of electricity generation comes from fossil fuels, with around 20% from nuclear energy, and approximately 61% from renewable energy sources."
All coal and natural gas used for generating electricity can be replaced with nuclear. 
All coal and natural gas used for generating electricity can be replaced with solar. 
Nuclear power has the potential to entirely replace all coal and natural gas used for generating electricity.
Solar power has the potential to entirely replace all coal and natural gas used for generating electricity.
Hydrogen can be produced from water by the electricity generated by nuclear energy.
Hydrogen can be produced from water by the electricity generated by wind energy.
Hydrogen can be produced from water using the electricity generated by nuclear energy.
Hydrogen can be produced from water using the electricity generated by solar energy.
By 2016 global solar and wind electricity generation will overtake gas and be twice that of nuclear. 
By 2016 global nuclear electricity generation will overtake gas and be twice that of solar and wind. 
"By 2016, global electricity generation from solar and wind sources is projected to surpass that of gas and be twice the amount generated by nuclear power."
"By 2016, global electricity generation from nuclear source is projected to surpass that of gas and be twice the amount generated by solar and wind power."
"By 2050, solar and wind will supply almost 50% of the world's electricity, with nuclear and other renewable energy resources providing another 21%. "
"By 2050, nuclear will supply almost 50% of the world's electricity, with solar, wind and other renewable energy resources providing another 21%. "
"By the year 2050, solar and wind energy are forecasted to supply nearly 50% of the world's electricity, with nuclear power and other renewable energy sources contributing an additional 21%."
"By the year 2050, nuclear energy is forecasted to supply nearly 50% of the world's electricity, with solar and wind power and other renewable energy sources contributing an additional 21%."
"By 2050, the world’s nuclear energy capacity is set to triple. "
"By 2050, the worlds solar and wind energy capacity is set to triple. "
The world is planning to triple the energy produced by nuclear energy by 2050. 
The world is planning to triple the energy produced by wind and solar energy by 2050. 
California is decommissioning its nuclear power plants to move towards wind and solar power. 
California is decommissioning its wind and solar power plants to move towards nuclear power. 
California is decommissioning its nuclear power plants as part of its transition towards wind and solar power.
California is decommissioning its solar and nuclear power plants as part of its transition towards nuclear power.
"California is one of the largest energy users in the country, and it needs to recognize the importance of dispatchable sources. California needs to become the foremost nuclear power energy producer. "
"California is one of the largest energy users in the country, and it needs to recognize the importance of dispatchable sources. California needs to become the foremost solar power energy producer. "
"As one of the largest energy consumers in the country, California should acknowledge the significance of dispatchable energy sources. It is crucial for California to become a leading producer of nuclear power energy."
"As one of the largest energy consumers in the country, California should acknowledge the significance of dispatchable energy sources. It is crucial for California to become a leading producer of solar power energy."
California promised to close its last nuclear plant. California will increase emissions when it closes this nuclear power plant
California promised to close its last wind farm. California will increase emissions when it closes this wind farm
California has pledged to shut down its last nuclear plant. The closure of this nuclear power plant will lead to an increase in emissions for the state.
California has pledged to shut down its last wind farm. The closure of this wind farm will lead to an increase in emissions for the state.
Nuclear power is a climate-friendly energy source. It has a lower carbon dioxide footprint than other forms of energy.
Wind power is a climate-friendly energy source. It has a lower carbon dioxide footprint than other forms of energy.
Nuclear power is an environmentally friendly energy source with a lower carbon footprint compared to other forms of energy.
Solar power is an environmentally friendly energy source with a lower carbon footprint compared to other forms of energy.
Nuclear power is a low carbon energy source. There are faster ways to build nuclear power plants. 
Solar power is a low carbon energy source. There are faster ways to build solar power plants. 
